{
    "districts": {
        "ONE": [
            [37.76358600019731, -122.5149480005053],
            [37.78870400009008, -122.4464709995178]
        ],
        "TWO": [
            [37.77862199977503, -122.49374357037841],
            [37.81102500009568, -122.41576199951217]
        ],
        "THREE": [
            [37.783990999873026, -122.42398199986818],
            [37.81157399974776, -122.3911959999449]
        ],
        "FOUR": [
            [37.73377100026694, -122.51247199973622],
            [37.76557999966404, -122.47485499958422]
        ],
        "FIVE": [
            [37.75857600015055, -122.47736300001839],
            [37.7897429998704, -122.41925600041843]
        ],
        "SIX": [
            [37.7640670002476, -122.42326700026582],
            [37.794479999824574, -122.38145599943424]
        ],
        "SEVEN": [
            [37.70813199967884, -122.50853800049634],
            [37.7639956979842, -122.4349930003003]
        ],
        "EIGHT": [
            [37.729302999941396, -122.45162400011169],
            [37.77273400014549, -122.4202789996046]
        ],
        "NINE": [
            [37.717886999687295, -122.42803800020367],
            [37.77071499955871, -122.40038200055012]
        ],
        "TEN": [
            [37.708229999830664, -122.42791500050676],
            [37.77181700036521, -122.35696700003662]
        ],
        "ELEVEN": [
            [37.70813100002817, -122.47257200044542],
            [37.73201600020351, -122.42042000026456]
        ],
    },
    "sfpd": {},
    "sffd": {},
}
